[{"model": "sessions.session", "pk": "02jfpjc0e3pfbv1iwcccheaq1n47i148", "fields": {"session_data": ".eJxVjUsOwiAYhO_CummgJQW704uQAX5SYkNNAaMx3t3WdKHLeX3zYga1TKZmWk30bGSCNb-ehbtS2gPM8263cG6pqbTfzhHn9rwpSiU6lLiky7H6Q03I08YJwGClFLIH9yoobj0R0AlvB0WwctBK-d4JaII-Ce158B3vrHB96J3coZly3m4MPW5xfbKRNyzjTiamsLCxrJXeH7kiSqo:1nL8SC:iQJTpnO73Q40N68GGJHSjIfS5gyjQ7ofyo0NrJ3Qazk", "expire_date": "2022-03-04T18:58:04.895Z"}}, {"model": "sessions.session", "pk": "25pc8n9m6n9w4bjz8kcsb26zvj48clx4", "fields": {"session_data": ".eJxVjMsOgjAURP-la9P0FVrd6Y-Q6b23gUhKImVF_HfBsNDlnJk5m-qxtqFfF3n1I6ubsuryyzLoKfUoME0H1iCa19r0d3PWi77vSWobCW2c6-N8_akGLMPuKUCXQ7DBw3As0WQWAZzl3EVBDl2KkT1ZJEG62sSmsDMuW_LFU1DvD-WWPUk:1nEukY:FM5WvwLn5njg-lVnrNDZojyciY9MK0roJA4HoM0Nomc", "expire_date": "2022-02-15T15:07:18.126Z"}}, {"model": "sessions.session", "pk": "3qmcvpsnmukr0cvi73ozhrbmp4iiickl", "fields": {"session_data": ".eJxVjEEOgjAQRe_StWlaqB3GpXvOQGY6g6CmTSisjHdXEha6_e-9_zIDbes0bFWXYRZzMWBOvxtTemjegdwp34pNJa_LzHZX7EGr7Yvo83q4fwcT1elbd4nRIwCLjy1p44BSaGX0GgKMLXUgqKGJCqIuesVzN6Lj6DwRC6N5fwDsPzhD:1nNtf0:1JF0BytqqgM42rONTAQdgzgWb77ijIMplIC_v9E5AB4", "expire_date": "2022-03-12T09:46:42.778Z"}}, {"model": "sessions.session", "pk": "41fb89ftb5jvbce7a7e0rz0pq0i4m8tp", "fields": {"session_data": "eyJiYWciOnsiOSI6MSwiNSI6NH19:1nIXhh:tNkiO939gcn90cuzSBQAxBjuDAnpiXrDEMxZEKCF974", "expire_date": "2022-02-25T15:19:21.043Z"}}, {"model": "sessions.session", "pk": "8v6irtz5ueif2zt2jb41l9kusaftacho", "fields": {"session_data": "eyJiYWciOnsiOCI6LTYsIjciOjIsIjQiOjgsIjUiOjF9fQ:1nIWTY:7RAr5ZgCL_2P77ALf1U7gUa4fDmlJkfcxJDJCgnYnCc", "expire_date": "2022-02-25T14:00:40.697Z"}}, {"model": "sessions.session", "pk": "9r90451ky14spi6qucrok64knuifl7bd", "fields": {"session_data": ".eJxVjMsOwiAUBf-FtSG0FApduu83EB73StVAUoob478LSRe6PTNz3sTYekRTC-xmC2Qhglx-N2f9A1IH4W7TLVOf07FvjnaFnrTQNQd4Xk_37yDaEnsN4PjIPR-Ac5wAkTt0WitpnQQcYRJ-VOAFmwcUctKKoW-2YmxuhW6nxb7AbAkzWY69wucL_ms-Zg:1nNflH:-AlG1lNR9FRNOOc06O4uX3cnDyp2oca4Gesj0tOCZX0", "expire_date": "2022-03-11T18:56:15.901Z"}}, {"model": "sessions.session", "pk": "a4uupcdulb8kmair6swwy5xwpt1ixae6", "fields": {"session_data": ".eJxVjEsKgzAURffyxiJ5JpiYWbsRuflVqaRQ40jce2Nx0E4u3N_ZacRWpnFb43ucA1lian4zB_-M-SywLGfcwvvXlkv73Vz12t6qi7nMHmV-5fv1-kNNWKfKSUDvlGIlIYJOWrgQI9BxcL2OcKo3WgfpGSbCDGyCSKETnWMvk_SqQh0eZHdiQZYbGqqKhjRZdRwf73tDfg:1nIWKf:z3JE2itBYG7CG7WsszuTR0bPzk2aGOQX22A36VCGKag", "expire_date": "2022-02-25T13:51:29.723Z"}}, {"model": "sessions.session", "pk": "aytfnyi10nr4buo19rircqrtlqnq8ogo", "fields": {"session_data": "eyJiYWciOnsiMSI6MTEsIjIiOjEsIjgiOjEsIjciOjJ9fQ:1nIJJ5:6kfW3ZhH_oSmwkFahv8fnOOJgYiHPgnCWZqMMtOqhCI", "expire_date": "2022-02-24T23:56:59.059Z"}}, {"model": "sessions.session", "pk": "byw4by89p5v3wn0nol5dn5tw59qbc8r3", "fields": {"session_data": "eyJiYWciOnsiNyI6MiwiMyI6NywiNSI6M319:1nIAl4:GcGrkpLTzUwM8gJqmNGiNfGAe3-m4vNo4Ed1KcozH1Q", "expire_date": "2022-02-24T14:49:18.141Z"}}, {"model": "sessions.session", "pk": "e9wx6xauti2hcy4io8seo2lhcdsq136a", "fields": {"session_data": ".eJxVjDkOwjAUBe_iGlmfeElMSc8Zor-ZBJAtZakQdyeRUkA7M--9TY_rMvTrrFM_irmYYE6_jJCfWnYhDyz3armWZRrJ7ok97GxvVfR1Pdq_gwHnYVsDK5Bm6EQgx4TBg0-OovjUZc4bxhQiEDtmFxqSdMY2NR1HpTaCM58vBNQ4bQ:1nMDWc:01g69SOtn5vlVOoioYYpUiaE-AcoAjgFdjpbe29rRG0", "expire_date": "2022-03-07T18:35:06.253Z"}}, {"model": "sessions.session", "pk": "eyng9cey6g5mgwjmtufoulbua4lz2zza", "fields": {"session_data": "eyJiYWciOnsiOCI6NiwiMiI6MiwiNyI6MX19:1nHrDY:Qp2tOYgBb6k8PLapugb91MOLB9tHK7BG1R6UuKKy2iE", "expire_date": "2022-02-23T17:57:24.531Z"}}, {"model": "sessions.session", "pk": "gqreo1s860wxwr7xb9m08hp2i17u4hi3", "fields": {"session_data": ".eJxVjEEOgyAURO_CujEgRKi79iJm-P9TTQ0mFVfGu6uNi3Y5b2beqjospe-WWT7dwKpVRt1-WQS9JZ8FxvHEFYimJZfqu7nquXocSXIZCGWY8vN6_al6zP3hSUATnTPOQrNPXkcWAWrDsfGC6JrgPVsyCIJwN4F14lrX0ZBNltwhjXipdlVetW7bdlfzQP4:1nIDQG:sCoolVP_cQnlXdzEd-V6AIr66Us2awFx-F3gvx0pXWU", "expire_date": "2022-02-24T17:40:00.429Z"}}, {"model": "sessions.session", "pk": "hh811gcfqrw2n11vn8ukjp66o2vvckj2", "fields": {"session_data": ".eJxVjU0OwiAQhe_C2jRQSMHu9CJkmBlSYkNNgURjvLut6UKX7-97L-Gh1cm3wqtPJEahxOnXC4A3znsA87zbHSAuLdfu2zni0l02xbkmhJqWfD1Wf6gJyrRxIsAQjFFGgyQbrQzEDNArCoNlCGZw1pJGBY7BnZUjGamXfVCoo0azQwuXst14ftzT-hSjfH8A-aBEhg:1nDUXw:lVr2VaK53Oy0AojhVhgPz3rm3JochxVXYvqYJn98VTg", "expire_date": "2022-02-11T16:56:24.748Z"}}, {"model": "sessions.session", "pk": "i497joaxb5wc7rltmwl2phz0fiqsja7u", "fields": {"session_data": "eyJiYWciOnsiMyI6MX19:1nLNoQ:d_OFtqtfsKpm8NpWwZ4Qlf2KLS1PkmSpj7ougT8svWM", "expire_date": "2022-03-05T11:22:02.290Z"}}, {"model": "sessions.session", "pk": "j14jnjqtydn0q34ya40kw15tj0m0oldt", "fields": {"session_data": ".eJxVjDsOwjAQBe_iGlnx30lJnzNYu_aaBJAtxQkN4u4kUgpo38ybNwuwrVPYGi1hTmxgkl1-N4T4oHKAdIdyqzzWsi4z8kPhJ218rIme19P9C0zQpv2dQXVgQRqdNVhlhOhNQtTROy2M1D5jjxKVUckIR6CcymjJxk74jrTdow1eFOaSKxvWZaPPF7ZxPYg:1nKjb9:R7Tp156g-Q_7UfKA_GH2Ajt-5FQ-zpNIwHOzTtsvEzM", "expire_date": "2022-03-03T16:25:39.411Z"}}, {"model": "sessions.session", "pk": "k3v0mh3jltfnd28559xal0i4m06rv3ic", "fields": {"session_data": "eyJiYWciOnsiMSI6NCwiMiI6MSwiOSI6MX19:1nK3bd:29-tiiBMquCNc4P1gfq67dVG0D4uh70JPAhatCJaShI", "expire_date": "2022-03-01T19:35:21Z"}}, {"model": "sessions.session", "pk": "lkna35i7tdgog2s6ful8hkmxkzikxkok", "fields": {"session_data": ".eJxVjMsOwiAURP-FtWmu5VFwZ3-EXC4QiA1NBFbGf5eaLnQ5Z2bOi1nsLdlew9Nmz25Msssvc0iPUI4Ct-3AExLtvbTpuznrOt1HCqVlwpb3sp6vP1XCmoYHKIALEbT3EJVBKUAY7pQXRkeKA6ORChxxIi5n580VFzNrUsEtCjh7fwDc6Tzh:1nMRXD:JlqSeC3xpObMRCNu4ND1yly3U1XHZN78FIKKfKH-DHE", "expire_date": "2022-03-08T09:32:39.467Z"}}, {"model": "sessions.session", "pk": "loaz7lke13znmfszjjuizi5k2oe8za4k", "fields": {"session_data": ".eJxVjcsKgzAQRf9l1iJ5YdLs2h8Jk2SsoRKLidAi_nu1uGiX93XuCg6XOril0OxSBAscml_PY3hQPgIcx8NuMYRpybX9ds64tNddUa4pYE1Tvp2rP9SAZdg5PWLnleJKIou618xHIkTBo-80oVed0TrKwNEQmgs3kfVRMOF5kL0M6oAWKmW_cfR6pvkNljXg8Q52BQNWbNsH0VNIOg:1nL6SF:efmfBFm1D50NaWtBzroKLHopbuCt-r0BdgVyRO0iQIU", "expire_date": "2022-03-04T16:49:59.167Z"}}, {"model": "sessions.session", "pk": "pbxjyfvojbhm634dr07iiifjh5rkcafd", "fields": {"session_data": ".eJxVjEEOwiAQRe_C2hBoEUqX7j0DmWGmFjXQlDbRGO-uTbrQ7X_vv5cIsC5jWCvPIZHohROH3w0h3jhvgK6QL0XGkpc5odwUudMqz4X4ftrdv8AIdfy-u4hee-eQtG2BG-UgmpYGzca4oYXOkWfTWHbEymr2x27wCq3SAEjot2jlWlPJgR9Tmp-iV-8Pm9E_gA:1nNtWB:CvGY_Ll6LHFtTYjwKKExO-deTt133_SdTCJXWPPcuhU", "expire_date": "2022-03-12T09:37:35.083Z"}}, {"model": "sessions.session", "pk": "qxznn2m0r6030zxzwymmuua6obq8dk3q", "fields": {"session_data": ".eJxVjDsOgzAQRO-yNUIG4w8u0-cMaG0vnySyIwxSIsTdgyOKpJgp5s3MBh2uy9itieZu8mCggeI3s-juFDLwNwxDLF0MyzzZMlfKk6byGj09Lmf372DENB5rxluFvXJcVsqiVLyVwjPXVKzFBqlGp2vhNTLsszxqVksS1vaoqUXKp4lSmmLo6PWc5jcYVoDFAcwGGkxVAP-6OHzfP2LkRcE:1nMs0Q:_by8EWkcasI-ziaOd36XmvMG_yHZJ1ZEL54vf1D6L8Y", "expire_date": "2022-03-09T13:48:34.458Z"}}, {"model": "sessions.session", "pk": "rsxaak3nlcxs0svmi8hm2nbxjpdljuyz", "fields": {"session_data": ".eJxVjD0OgzAUg-_yZoTySErSbO1FkPNXUFGQSpgQdy8gFhZL9md7JYcP2ZU0Wa6IT32QlVtFHZbSd8scf90QyO7wljn4b8wHwDgecQ3vpyWX-uxceK5fu4u5DB5lmPL7Wt2uesz9_pOA1inFSkIEnbRwIUag4eBaHeFUa7QO0jNMhHmyCSKFRjSOvUzSK9r-W0VDGQ:1nICzX:KVTrn0g6VjXCweTacE0sp9491COxq3vpZj_v__DvudM", "expire_date": "2022-02-24T17:12:23.713Z"}}, {"model": "sessions.session", "pk": "vr2q0ccb5whdkllyu0h63kr4veftzc8g", "fields": {"session_data": ".eJxVjksOgzAQQ-8ya4TyK0mzay-CnF9BRUEqYYW4ewNi0W4s2R4_zUY91jL06xI__RjIEqfmN3Pw75iPAtN0xC28n9dc2vPmqpf2UV3MZfQo45yf1-oPNWAZKicBnVOKKwkWdNLMhRgBwYPrdIRTndE6SM9hIsydm8BSEEw47mWSXlWow4vsVl-1oqHbqZosb0hU3fcv_AVEJg:1nHPUb:bD4nQlwPoHA9SMLAJo6Gi6PavgmRpa3lnBp8LynCKHU", "expire_date": "2022-02-22T12:21:09.911Z"}}, {"model": "sessions.session", "pk": "xi6bti3og314va6dlm0yhu4rcezgrj14", "fields": {"session_data": "eyJiYWciOnsiMSI6MSwiMiI6MiwiNSI6MTcsIjQiOjE0fX0:1nIJEg:QOEA1pFOgMLCOR0jvqjFAgRQmrm8tjzv8SiHwxZgSDE", "expire_date": "2022-02-24T23:52:26.813Z"}}, {"model": "sessions.session", "pk": "xl6q8ndx48p2ksw1lqa41t7w8rtu7ndm", "fields": {"session_data": ".eJxVjDEOgzAMRe_iuYpiEpGUsXvPgOzYAdoKJAIT4u4UiYX1v_f-BkwdNBs4aHB_QEvr0rdr0bkdBBpAuG1M6avjCeRDYzeZNI3LPLA5FXPRYt6T6O91ubeDnkr_rzNRzd6jd2Ql5GBZVIkqFK6DEvs6hiAuIUWl-MQoNktlK8bkskse9gOiizyD:1nLNUT:JD1R2WKpI8CzvkoFoIWgTTJsVC6zY_VZFwacjfoLNIQ", "expire_date": "2022-03-05T11:01:25.788Z"}}, {"model": "sessions.session", "pk": "y183aiekd60zt7kjurjurph6qv99cdz3", "fields": {"session_data": "eyJiYWciOnsiNyI6NSwiMTAiOjIsIjkiOjF9fQ:1nHrFl:C-OYdZ8LIa3YEJL41VDYGrnFAT5Nh5DK0pnlDBizX4M", "expire_date": "2022-02-23T17:59:41.181Z"}}, {"model": "sessions.session", "pk": "yyzpmkyw06rq7r2liuer34p4rue4kgzy", "fields": {"session_data": ".eJxVjskKgzAURf_lrUUyYdLs2h-Rm6lKJUJNVuK_NxYX7ebBHd7h7jSilmmsW3yPcyBLnLpfz8G_Yj4DLMtp9_B-rbn0384Vb_29qZjL7FHmNT-urz_UhG1qnAQMTimuJFjQSTMXYgQED27QEU4NRusgPYeJMDduAktBMOG4l0l61aAOT7I7CbKia4Mt70i1exwfaWRDEg:1nKSf2:oeoHXodG5bdJqyi12laTHN6FsP7Nt-40ityEaN24Khg", "expire_date": "2022-03-02T22:20:32.751Z"}}, {"model": "sessions.session", "pk": "z6e90y9yk18y48avwa90bsc4znjnzia7", "fields": {"session_data": ".eJxVjMsOwiAURP-FtSH0xaNL934DGeDWogZMaRON8d-VpAtdzGbmzHkxi22d7VZosTGwkfXs8Ns5-CulOoQL0jlzn9O6RMcrwve18FMOdDvu7J9gRpm_b9EZhUn5TjbKQarOyCEI3zfCoAe18LodgobAVBOgRStpcG6CJgOq0kKlxJwsPe5xebJRvD-ZpT_w:1nNKov:Pl09RfU0Iu9f-L1KZQrIOi3z04V2qoyjfK-o_n_mjwY", "expire_date": "2022-03-10T20:34:37.905Z"}}, {"model": "sessions.session", "pk": "zxfa3dn9h9ihe8z60waznn39hlmfkfux", "fields": {"session_data": "eyJiYWciOnsiMiI6MX19:1nHkYU:HRLda0BEOXPp-wFIp2Cmg49aOaUDkf_Hb6sDQkBh7SI", "expire_date": "2022-02-23T10:50:34.577Z"}}, {"model": "sites.site", "pk": 1, "fields": {"domain": "whatyouneed.example.com", "name": "What You Need"}}, {"model": "products.category", "pk": 3, "fields": {"name": "indoor", "friendly_name": "Indoor", "image": "indoor-category.jpg", "for_registered_user": false, "selectable": true}}, {"model": "products.category", "pk": 4, "fields": {"name": "outdoor", "friendly_name": "Outdoor", "image": "outdoor-category.jpg", "for_registered_user": false, "selectable": true}}, {"model": "products.category", "pk": 5, "fields": {"name": "exclusive_plants", "friendly_name": "Exclusive plants", "image": "exlusive-category.jpg", "for_registered_user": true, "selectable": true}}, {"model": "products.category", "pk": 7, "fields": {"name": "best_seller", "friendly_name": "Best seller", "image": "best-seller_O4GpObn.jpg", "for_registered_user": false, "selectable": false}}, {"model": "products.category", "pk": 8, "fields": {"name": "newly_added", "friendly_name": "Newly added", "image": "newly-added-category_OY0Qa7J.jpg", "for_registered_user": false, "selectable": false}}, {"model": "products.category", "pk": 9, "fields": {"name": "special_deals", "friendly_name": "Special deals", "image": "special-deals-category_aOZkfa7.jpg", "for_registered_user": false, "selectable": false}}, {"model": "products.product", "pk": 1, "fields": {"category": 3, "name": "chlorophytum", "scientific_name": null, "description": "chlorophytum texting description.\r\nChlorophytum is a compact spider plant, looking a little like Variegatum, with creamy margins and a green centre. It is an attractive, cascading plant, with small white flowers and 'babies' forming on long, narrow stems called runners. Ideal as a hanging plant.", "height": 20, "diameter": 15, "rating": 0, "image_url": null, "image": "chlorophytum.jpg", "quantity": 0, "price": "12.99", "on_sale": false, "date_added": "2022-02-01T16:30:54.711Z", "liked": false, "quantity_sold": 0}}, {"model": "products.product", "pk": 2, "fields": {"category": 3, "name": "cactus", "scientific_name": null, "description": "cactus plant testing descriptions\r\nCactus can be grown indoors as long as you place them in a spot where they receive at least 4 to 6 hours of daily sunlight. We recommend putting them in your brightest windowsill, which is often a southeast-facing window and rotating them every day to ensure they are etiolated.", "height": 30, "diameter": 30, "rating": 0, "image_url": null, "image": "cactus.jpg", "quantity": 3, "price": "22.00", "on_sale": false, "date_added": "2022-02-01T16:42:25.188Z", "liked": false, "quantity_sold": 0}}, {"model": "products.product", "pk": 3, "fields": {"category": 3, "name": "dieffenbachia camilla", "scientific_name": null, "description": "dieffenbachia camilla testing description.\r\nThe impressive Dieffenbachia Camilla, is a variant of the regular Dumb Cane which creates instant impact in any room with its striking Lime leaves. ... The Dieffenbachia Camilla will thrive as long as its water only when it's completely dry and kept in a warm and sunny spot.", "height": 20, "diameter": 10, "rating": 5, "image_url": null, "image": "dieffenbachia-camilla.jpg", "quantity": 3, "price": "11.50", "on_sale": true, "date_added": "2022-02-04T10:57:55.081Z", "liked": false, "quantity_sold": 0}}, {"model": "products.product", "pk": 4, "fields": {"category": 3, "name": "ficus", "scientific_name": null, "description": "ficus testing description.\r\nFicus trees can maintain their tree-like shape regardless of their size, so this makes them ideal for bonsais or for massive houseplants in large spaces. Their leaves can be either dark green or variegated.", "height": null, "diameter": null, "rating": null, "image_url": null, "image": "ficus.jpg", "quantity": 6, "price": "15.50", "on_sale": false, "date_added": "2022-02-04T11:00:12.903Z", "liked": false, "quantity_sold": 0}}, {"model": "products.product", "pk": 5, "fields": {"category": 3, "name": "gloxinia", "scientific_name": "sinningia speciosa", "description": "gloxinia testing description.\r\nThe gloxinia is a flowering houseplant that's related to the African violet. Plants produce large, velvety, bell-shaped flowers that may be white, pink, red, purple, or blue. Gloxinias are commonly sold at florist shops and greenhouses in late winter and spring.", "height": 10, "diameter": 12, "rating": null, "image_url": null, "image": "gloxinia.jpg", "quantity": 9, "price": "17.99", "on_sale": false, "date_added": "2022-02-04T11:03:10.507Z", "liked": false, "quantity_sold": 0}}, {"model": "products.product", "pk": 6, "fields": {"category": 5, "name": "peace lily", "scientific_name": "spathiphyllum", "description": "Peace lily testing description.\r\nPeace lily is a popular, low maintenance house plant with glossy green leaves and white flowers, called spathes. Native to central America, it's used to a warm, humid environment and is perfect for growing in a bright bathroom. Peace lilies are easy to grow and relatively trouble-free.", "height": 50, "diameter": 30, "rating": null, "image_url": null, "image": "spathiphyllum-peace-lily.jpg", "quantity": 11, "price": "46.50", "on_sale": false, "date_added": "2022-02-04T11:05:36.023Z", "liked": false, "quantity_sold": 0}}, {"model": "products.product", "pk": 7, "fields": {"category": 4, "name": "buxus sempervirens", "scientific_name": null, "description": "buxus sempervirens testing description.\r\nBuxus sempervirens is an evergreen shrub or small tree growing up to 1 to 9 m (3 to 30 ft) tall, with a trunk up to 20 centimetres (8 in) in diameter (exceptionally to 10 m tall and 45 cm diameter[6]). Arranged in opposite pairs along the stems, the leaves are green to yellow-green, oval, 1.5–3 cm long, and 0.5–1.3 cm broad. The hermaphrodite flowers are inconspicuous but highly scented, greenish-yellow, with no petals, and are insect pollinated; the fruit is a three-lobed capsule containing 3-6 seeds.", "height": 120, "diameter": 30, "rating": 5, "image_url": null, "image": "buxus-sempervirens.jpg", "quantity": 6, "price": "32.50", "on_sale": false, "date_added": "2022-02-04T11:11:07.881Z", "liked": false, "quantity_sold": 0}}, {"model": "products.product", "pk": 8, "fields": {"category": 4, "name": "chrysanthemum", "scientific_name": null, "description": "chrysanthemum testing description.\r\nThe chrysanthemum is widely known as a cut flower, but it is also an amazing houseplant, with a bushy structure, beautiful green leaves and fabulous flowers in all sorts of colours and shapes. It's also an easy plant that remains radiantly upright even in higher temperatures.", "height": null, "diameter": null, "rating": null, "image_url": null, "image": "chrysanthemum.jpg", "quantity": 3, "price": "5.00", "on_sale": true, "date_added": "2022-02-04T11:13:45.616Z", "liked": false, "quantity_sold": 0}}, {"model": "products.product", "pk": 9, "fields": {"category": 4, "name": "tomato", "scientific_name": null, "description": "tomato testing description.\r\nGreat tomato plant in a pot for terrace or outside.", "height": null, "diameter": null, "rating": 4, "image_url": null, "image": "tomato-blossoming.jpg", "quantity": 4, "price": "6.20", "on_sale": false, "date_added": "2022-02-04T11:16:57.328Z", "liked": false, "quantity_sold": 0}}, {"model": "products.product", "pk": 10, "fields": {"category": 5, "name": "chinese elm", "scientific_name": "ulmus parvifolia", "description": "chinese elm bonsai testing description.\r\nThe Chinese elm thrives in either full sun and/or partial shade. In temperate climates, it can be left outdoors even during winter months.", "height": 25, "diameter": 12, "rating": 2, "image_url": null, "image": "ulmus-parvifolia-chinese-elm.jpg", "quantity": 3, "price": "42.50", "on_sale": false, "date_added": "2022-02-04T11:20:35.531Z", "liked": false, "quantity_sold": 0}}, {"model": "products.productreview", "pk": 60, "fields": {"user": null, "product": 7, "review_rating": 5, "content": "very nice potted plant", "date_time": "2022-02-24T20:34:21.962Z", "date": "2022-02-24"}}, {"model": "products.productreview", "pk": 61, "fields": {"user": null, "product": 10, "review_rating": 2, "content": "Beautiful plant but the pot could have been nicer", "date_time": "2022-02-25T10:10:33.407Z", "date": "2022-02-25"}}, {"model": "products.productreview", "pk": 62, "fields": {"user": null, "product": 7, "review_rating": 5, "content": "exceptional gift", "date_time": "2022-02-25T11:01:00.404Z", "date": "2022-02-25"}}, {"model": "products.productreview", "pk": 63, "fields": {"user": null, "product": 9, "review_rating": 4, "content": "I got this for my brother and it is very cool! The pot is very nice and now he can eat his own fresh tomatoes !", "date_time": "2022-02-25T11:03:34.175Z", "date": "2022-02-25"}}, {"model": "products.productreview", "pk": 64, "fields": {"user": null, "product": 3, "review_rating": 5, "content": "very nice pot and easy-care plant!", "date_time": "2022-02-25T15:01:04.684Z", "date": "2022-02-25"}}, {"model": "checkout.order", "pk": 26, "fields": {"order_number": "494B710B16E64D11B8D11A162ED6DC6D", "user_profile": null, "full_name": "awvsdv", "email": "vfvfvfdssvf@hotmail.fr", "phone_number": "01234567897", "postcode": "svddd", "town_or_city": "jhvjkgc", "street_address1": "lhljhv", "street_address2": "ljvkjgc", "county_or_region": "lhvlugj.k", "country": "AT", "date": "2022-02-19T11:23:39.586Z", "delivery_cost": "0.50", "product_count": 1, "discount": "0.00", "order_total": "5.00", "grand_total": "5.50", "original_bag": "{\"8\": 1}", "stripe_pid": "pi_3KUr2BC2lzatXFr80dudlvEp"}}, {"model": "checkout.order", "pk": 27, "fields": {"order_number": "39775B3251EA47FCAD0EA7AC68DACA09", "user_profile": null, "full_name": "Elena", "email": "alin4@yahoo.com", "phone_number": "+353873819572", "postcode": "A98VX75", "town_or_city": "Bray", "street_address1": "lufyluhvb", "street_address2": null, "county_or_region": "Wicklow", "country": "GU", "date": "2022-02-19T11:39:38.624Z", "delivery_cost": "1.15", "product_count": 1, "discount": "0.00", "order_total": "11.50", "grand_total": "12.65", "original_bag": "{\"3\": 1}", "stripe_pid": "pi_3KUqKVC2lzatXFr8076zQSSD"}}, {"model": "checkout.order", "pk": 28, "fields": {"order_number": "F9379C5E99734B1FB27A7289AC71235A", "user_profile": null, "full_name": "Mr Nagy", "email": "tomnagy@hotmail.fr", "phone_number": "+353873819572", "postcode": "A98VX75", "town_or_city": "Bray", "street_address1": "33, Aubrey Court", "street_address2": "Parnell Road", "county_or_region": "Wicklow", "country": "IE", "date": "2022-02-19T11:42:52.242Z", "delivery_cost": "5.27", "product_count": 2, "discount": "0.00", "order_total": "52.70", "grand_total": "57.97", "original_bag": "{\"9\": 1, \"6\": 1}", "stripe_pid": "pi_3KUrKVC2lzatXFr80PvOlzSG"}}, {"model": "checkout.order", "pk": 29, "fields": {"order_number": "D8C3167A8B9C49D0AAC3149B1C620D42", "user_profile": null, "full_name": "Elena", "email": "alin@yahoo.com", "phone_number": "+353873819572", "postcode": "A98VX75", "town_or_city": "Bray", "street_address1": "33, Aubrey Court", "street_address2": null, "county_or_region": "Wicklow", "country": "GP", "date": "2022-02-19T11:44:45.892Z", "delivery_cost": "1.15", "product_count": 1, "discount": "0.00", "order_total": "11.50", "grand_total": "12.65", "original_bag": "{\"3\": 1}", "stripe_pid": "pi_3KUqQmC2lzatXFr80onoS6Dj"}}, {"model": "checkout.order", "pk": 30, "fields": {"order_number": "51630DB373AF4478B863E7B71E8DE18E", "user_profile": null, "full_name": "test testing", "email": "vfvsvf@hotmail.fr", "phone_number": "01234567890", "postcode": ";iuiu;g;iu", "town_or_city": "lhjvluhvli", "street_address1": "lihvluv", "street_address2": "luvluv", "county_or_region": "hvlv", "country": "AT", "date": "2022-02-19T11:46:00.124Z", "delivery_cost": "1.80", "product_count": 1, "discount": "0.00", "order_total": "17.99", "grand_total": "19.79", "original_bag": "{\"5\": 1}", "stripe_pid": "pi_3KUrN5C2lzatXFr80owtaaL3"}}, {"model": "checkout.order", "pk": 31, "fields": {"order_number": "25D5E4767B8B4DB98B766305B4D65120", "user_profile": null, "full_name": "Tom Nagy", "email": "tomnagy@hotmail.fr", "phone_number": "+353873819572", "postcode": "A98VX75", "town_or_city": "Bray", "street_address1": "33, Aubrey Court", "street_address2": "Parnell Road", "county_or_region": "Wicklow", "country": "IE", "date": "2022-02-19T12:05:12.526Z", "delivery_cost": "1.80", "product_count": 1, "discount": "0.00", "order_total": "17.99", "grand_total": "19.79", "original_bag": "{\"5\": 1}", "stripe_pid": "pi_3KUrfuC2lzatXFr806yCc0WM"}}, {"model": "checkout.order", "pk": 32, "fields": {"order_number": "798BFA4A9D7A496FBEDACC87509FEBDD", "user_profile": null, "full_name": "Tom Nagy", "email": "tomnagy@hotmail.fr", "phone_number": "+353873819572", "postcode": "A98VX75", "town_or_city": "Bray", "street_address1": "33, Aubrey Court", "street_address2": "Parnell Road", "county_or_region": "Wicklow", "country": "IE", "date": "2022-02-19T12:07:06.705Z", "delivery_cost": "1.80", "product_count": 1, "discount": "0.00", "order_total": "17.99", "grand_total": "19.79", "original_bag": "{\"5\": 1}", "stripe_pid": "pi_3KUriGC2lzatXFr81jj4z21k"}}, {"model": "checkout.order", "pk": 33, "fields": {"order_number": "8C8EF04551D94CE1BEAD65BC35CACF27", "user_profile": null, "full_name": "Tom Nagy", "email": "tomnagy@hotmail.fr", "phone_number": "+353873819572", "postcode": "A98VX75", "town_or_city": "Bray", "street_address1": "33, Aubrey Court", "street_address2": "Parnell Road", "county_or_region": "Wicklow", "country": "IE", "date": "2022-02-19T13:24:04.172Z", "delivery_cost": "8.35", "product_count": 6, "discount": "10.00", "order_total": "83.48", "grand_total": "81.83", "original_bag": "{\"2\": 1, \"4\": 1, \"5\": 2, \"8\": 2}", "stripe_pid": "pi_3KUq50C2lzatXFr81tIRqkK3"}}, {"model": "checkout.order", "pk": 34, "fields": {"order_number": "11D01369520949F08B7FF1E6097E70BA", "user_profile": null, "full_name": "test testing", "email": "testing@test.com", "phone_number": "01234567890", "postcode": ";iuiu;g;iu", "town_or_city": "lhjvluhvli", "street_address1": "lihvluv", "street_address2": "luvluv", "county_or_region": "hvlv", "country": "AT", "date": "2022-02-19T13:32:29.153Z", "delivery_cost": "1.80", "product_count": 2, "discount": "0.00", "order_total": "17.99", "grand_total": "19.79", "original_bag": "{\"8\": 1, \"1\": 1}", "stripe_pid": "pi_3KUqE0C2lzatXFr81KLlSI0G"}}, {"model": "checkout.order", "pk": 35, "fields": {"order_number": "762561D91C4E489AAE47BA90CD686AA8", "user_profile": null, "full_name": "Tom Nagy", "email": "tomnagy@hotmail.fr", "phone_number": "+353873819572", "postcode": "A98VX75", "town_or_city": "Bray", "street_address1": "33, Aubrey Court", "street_address2": "Parnell Road", "county_or_region": "Wicklow", "country": "IE", "date": "2022-02-24T19:40:22.163Z", "delivery_cost": "4.07", "product_count": 4, "discount": "5.00", "order_total": "40.69", "grand_total": "39.76", "original_bag": "{\"3\": 1, \"5\": 1, \"9\": 1, \"8\": 1}", "stripe_pid": "pi_3KWnAYC2lzatXFr80dSO2Z0u"}}, {"model": "checkout.order", "pk": 36, "fields": {"order_number": "565B5403522C4DA8AA316CD0EBEA7B1B", "user_profile": null, "full_name": "test testing", "email": "tomnagy@hotmail.fr", "phone_number": "01234567890", "postcode": ";iuiu;g;iu", "town_or_city": "lhjvluhvli", "street_address1": "lihvluv", "street_address2": "luvluv", "county_or_region": "hvlv", "country": "AT", "date": "2022-02-25T17:59:02.519Z", "delivery_cost": "11.26", "product_count": 7, "discount": "12.40", "order_total": "112.58", "grand_total": "111.44", "original_bag": "{\"3\": 1, \"5\": 2, \"6\": 1, \"9\": 3}", "stripe_pid": "pi_3KX83zC2lzatXFr80pw0OhcQ"}}, {"model": "checkout.order", "pk": 37, "fields": {"order_number": "DD7A98D256FF4DB0A6D077CBA36C9C98", "user_profile": null, "full_name": "test testing", "email": "tomnagy@hotmail.fr", "phone_number": "01234567890", "postcode": ";iuiu;g;iu", "town_or_city": "lhjvluhvli", "street_address1": "lihvluv", "street_address2": "luvluv", "county_or_region": "hvlv", "country": "AT", "date": "2022-02-25T18:11:26.321Z", "delivery_cost": "10.11", "product_count": 6, "discount": "12.40", "order_total": "101.08", "grand_total": "98.79", "original_bag": "{\"5\": 2, \"9\": 3, \"6\": 1}", "stripe_pid": "pi_3KX8FjC2lzatXFr81BATzyN4"}}, {"model": "checkout.order", "pk": 38, "fields": {"order_number": "006137E8011341BF8661A1E6D3DE13ED", "user_profile": null, "full_name": "test testing", "email": "tomnagy@hotmail.fr", "phone_number": "01234567890", "postcode": ";iuiu;g;iu", "town_or_city": "lhjvluhvli", "street_address1": "lihvluv", "street_address2": "luvluv", "county_or_region": "hvlv", "country": "AT", "date": "2022-02-25T18:46:01.054Z", "delivery_cost": "11.65", "product_count": 5, "discount": "15.50", "order_total": "116.48", "grand_total": "112.63", "original_bag": "{\"4\": 1, \"5\": 2, \"7\": 2}", "stripe_pid": "pi_3KX8nPC2lzatXFr80S7lbqfN"}}, {"model": "checkout.order", "pk": 39, "fields": {"order_number": "DEE181DA51C547219891CBAED1AE9AB4", "user_profile": null, "full_name": "test testing", "email": "tomnagy@hotmail.fr", "phone_number": "01234567890", "postcode": ";iuiu;g;iu", "town_or_city": "lhjvluhvli", "street_address1": "lihvluv", "street_address2": "luvluv", "county_or_region": "hvlv", "country": "AT", "date": "2022-02-25T18:56:15.767Z", "delivery_cost": "4.65", "product_count": 1, "discount": "0.00", "order_total": "46.50", "grand_total": "51.15", "original_bag": "{\"6\": 1}", "stripe_pid": "pi_3KX8xMC2lzatXFr80adNuNan"}}, {"model": "checkout.orderlineitem", "pk": 52, "fields": {"order": 26, "product": 8, "quantity": 1, "lineitem_total": "5.00"}}, {"model": "checkout.orderlineitem", "pk": 53, "fields": {"order": 27, "product": 3, "quantity": 1, "lineitem_total": "11.50"}}, {"model": "checkout.orderlineitem", "pk": 54, "fields": {"order": 28, "product": 9, "quantity": 1, "lineitem_total": "6.20"}}, {"model": "checkout.orderlineitem", "pk": 55, "fields": {"order": 28, "product": 6, "quantity": 1, "lineitem_total": "46.50"}}, {"model": "checkout.orderlineitem", "pk": 56, "fields": {"order": 29, "product": 3, "quantity": 1, "lineitem_total": "11.50"}}, {"model": "checkout.orderlineitem", "pk": 57, "fields": {"order": 30, "product": 5, "quantity": 1, "lineitem_total": "17.99"}}, {"model": "checkout.orderlineitem", "pk": 58, "fields": {"order": 31, "product": 5, "quantity": 1, "lineitem_total": "17.99"}}, {"model": "checkout.orderlineitem", "pk": 59, "fields": {"order": 32, "product": 5, "quantity": 1, "lineitem_total": "17.99"}}, {"model": "checkout.orderlineitem", "pk": 60, "fields": {"order": 33, "product": 2, "quantity": 1, "lineitem_total": "22.00"}}, {"model": "checkout.orderlineitem", "pk": 61, "fields": {"order": 33, "product": 4, "quantity": 1, "lineitem_total": "15.50"}}, {"model": "checkout.orderlineitem", "pk": 62, "fields": {"order": 33, "product": 5, "quantity": 2, "lineitem_total": "35.98"}}, {"model": "checkout.orderlineitem", "pk": 63, "fields": {"order": 33, "product": 8, "quantity": 2, "lineitem_total": "10.00"}}, {"model": "checkout.orderlineitem", "pk": 64, "fields": {"order": 34, "product": 8, "quantity": 1, "lineitem_total": "5.00"}}, {"model": "checkout.orderlineitem", "pk": 65, "fields": {"order": 34, "product": 1, "quantity": 1, "lineitem_total": "12.99"}}, {"model": "checkout.orderlineitem", "pk": 66, "fields": {"order": 35, "product": 3, "quantity": 1, "lineitem_total": "11.50"}}, {"model": "checkout.orderlineitem", "pk": 67, "fields": {"order": 35, "product": 5, "quantity": 1, "lineitem_total": "17.99"}}, {"model": "checkout.orderlineitem", "pk": 68, "fields": {"order": 35, "product": 9, "quantity": 1, "lineitem_total": "6.20"}}, {"model": "checkout.orderlineitem", "pk": 69, "fields": {"order": 35, "product": 8, "quantity": 1, "lineitem_total": "5.00"}}, {"model": "checkout.orderlineitem", "pk": 70, "fields": {"order": 36, "product": 3, "quantity": 1, "lineitem_total": "11.50"}}, {"model": "checkout.orderlineitem", "pk": 71, "fields": {"order": 36, "product": 5, "quantity": 2, "lineitem_total": "35.98"}}, {"model": "checkout.orderlineitem", "pk": 72, "fields": {"order": 36, "product": 6, "quantity": 1, "lineitem_total": "46.50"}}, {"model": "checkout.orderlineitem", "pk": 73, "fields": {"order": 36, "product": 9, "quantity": 3, "lineitem_total": "18.60"}}, {"model": "checkout.orderlineitem", "pk": 74, "fields": {"order": 37, "product": 5, "quantity": 2, "lineitem_total": "35.98"}}, {"model": "checkout.orderlineitem", "pk": 75, "fields": {"order": 37, "product": 9, "quantity": 3, "lineitem_total": "18.60"}}, {"model": "checkout.orderlineitem", "pk": 76, "fields": {"order": 37, "product": 6, "quantity": 1, "lineitem_total": "46.50"}}, {"model": "checkout.orderlineitem", "pk": 77, "fields": {"order": 38, "product": 4, "quantity": 1, "lineitem_total": "15.50"}}, {"model": "checkout.orderlineitem", "pk": 78, "fields": {"order": 38, "product": 5, "quantity": 2, "lineitem_total": "35.98"}}, {"model": "checkout.orderlineitem", "pk": 79, "fields": {"order": 38, "product": 7, "quantity": 2, "lineitem_total": "65.00"}}, {"model": "checkout.orderlineitem", "pk": 80, "fields": {"order": 39, "product": 6, "quantity": 1, "lineitem_total": "46.50"}}]